base_model,lora,number_of_loras,total_params,avg_params,total_settings,total_witness,total_prove,avg_settings,avg_witness,avg_prove,total_verify,avg_verify
distilgpt2,q1e123/peft-starcoder-lora-a100,24,589824,24576.0,911.9965324401855,300.65134477615356,759.3326406478882,37.999855518341064,12.527139365673065,31.638860026995342,16.558465719223022,0.6899360716342926
openai-community/gpt2,palsp/gpt2-lora,48,2359296,49152.0,2092.1260011196136,757.1034967899323,1675.57675075531,43.585958356658615,15.772989516456922,34.90784897406896,32.793256759643555,0.6831928491592407
openai-community/gpt2,fzzhang/gpt2_GSM8K_lora_5e5,48,2359296,49152.0,2029.825602054596,718.8204565048218,1653.5120491981506,42.28803337613741,14.975426177183786,34.448167691628136,32.82728171348572,0.6839017023642858
meta-llama/Llama-3.2-1B,Chryslerx10/Llama-3.2-1B-finetuned-generalQA-peft-4bit,32,851968,26624.0,1189.013362646103,396.44260025024414,991.9255828857422,37.156667582690716,12.38883125782013,30.997674465179443,24.913888454437256,0.7785590142011642
